"campuskey","total_solar_generation"
1,"5215755.922056079"
3,"1827528.3216343771"
2,"849348.6918124995"
4,"318998.59365000005"
5,"91481.39048749994"
